Category,Tip
"Battery","Punya baterai bekas? Jangan dibuang ke tempat sampah biasa ya! Bahan beracunnya bisa mencemari air. Yuk, kumpulkan dan kirim ke pengelola sampah B3."
"Battery","Tahukah kamu? Banyak toko elektronik punya program daur ulang baterai. Cek di sekitar rumahmu dan manfaatkan program ini!"
"Battery","Mau hemat dan ramah lingkungan? Gunakan baterai isi ulang, yuk! Selain lebih awet, kamu juga mengurangi limbah."
"Battery","Punya baterai bekas di rumah? Simpan dalam kardus kecil dulu sebelum dikirim ke tempat pengelolaan limbah B3. Praktis banget!"
"Battery","Jangan pernah membakar baterai! Selain berbahaya untuk lingkungan, asapnya juga bisa beracun, lho."
"Battery","Awas, jangan campur baterai bekas dengan sampah lain. Baterai mengandung bahan berbahaya yang perlu perlakuan khusus."
"Battery","Kalau ada baterai lithium, pisahkan ya. Salah kelola bisa berisiko meledak! Yuk, lebih hati-hati."
"Battery","Mulai dari rumah! Edukasi keluarga tentang bahaya membuang baterai sembarangan. Bersama keluarga, lingkungan jadi lebih sehat!"
"Battery","Malas keluar rumah? Gunakan layanan pengambilan limbah elektronik untuk membuang baterai dengan aman dan praktis."
"Battery","Sebelum membuang baterai, cek labelnya dulu. Panduan di label bisa bantu kamu membuang baterai dengan cara yang tepat."
"Biological","Punya sampah sisa makanan? Yuk mulai membuat kompos untuk menyuburkan tanah sekitar rumah!"
"Biological","Mau cara praktis buang sampah organik? Gunakan alat penghancur sampah organik, lebih mudah dan ramah lingkungan!"
"Biological","Jangan buang tulang atau lemak ke saluran air, ya! Selain bikin mampet, itu juga bisa bikin masalah besar di rumah."
"Biological","Sebelum membuang sampah, pisahkan terlebih dahulu sampah organic dan anorganik agar lebih mudah untuk didaur ulang."
"Biological","Awas, jangan campur limbah organik dengan bahan beracun. Karena kita harus menjaga keamanan lingkungan!"
"Biological","Bingung dengan sisa makanan? Coba buat meal prep dan rencanakan menu harian agar bahan makanan nggak terbuang percuma."
"Biological","Ada makanan berlebih? Donasikan sebelum kedaluwarsa! Kamu bisa berbagi kebaikan sekaligus mengurangi limbah."
"Biological","Simpan sampah organikmu di wadah tertutup, yuk! Selain menghindari bau, ini juga bikin rumah tetap nyaman."
"Biological","Punya lahan kecil? Ubah jadi kebun mini dengan pupuk kompos buatan sendiri. Tanah subur, tanaman tumbuh subur!"
"Biological","Jangan lupa, ajak keluarga atau tetangga untuk mulai mengelola limbah organik bersama. Lingkungan sehat, hidup lebih sehat!"
"Cardboard","Sebelum buang kardus bekas, lipat dulu yuk biar hemat tempat dan lebih mudah diolah ulang!"
"Cardboard","Jangan buang kardus yang basah ke tempat daur ulang ya, karena kardus basah sulit untuk didaur ulang dengan baik."
"Cardboard","Kreatif dengan kardus bekas? Kamu bisa ubah jadi kerajinan tangan seperti kotak penyimpanan atau organizer. Seru banget!"
"Cardboard","Punya kardus bekas menumpuk? Donasikan aja ke pusat pengemasan lokal biar bisa diolah kembali jadi kemasan baru."
"Cardboard","Sebelum daur ulang, cek dulu kardusmu ya! Pastikan tidak ada sisa makanan agar proses daur ulangnya lebih maksimal."
"Cardboard","Mau taman cantik tanpa gulma? Gunakan kardus bekas sebagai alas taman, lalu tambahkan kerikil di atasnya untuk tampilan yang lebih estetik!"
"Cardboard","Cari tempat daur ulang khusus kardus di sekitar rumahmu, yuk! Bantu lingkungan jadi lebih bersih dan hijau."
"Cardboard","Awas, jangan campur kardus bekas dengan plastik ya, biar proses daur ulangnya lebih gampang dan efektif."
"Cardboard","Bingung dengan tumpukan kertas atau buku bekas? Gunakan kardus untuk menyimpannya, rumah jadi lebih rapi deh!"
"Cardboard","Punya kardus bekas? Ubah jadi celengan unik atau figura lucu. Praktis, murah, dan super kreatif!"
"Clothes","Punya pakaian yang sudah jarang dipakai? Yuk, sumbangkan ke yayasan amal dan jadikan mereka bermanfaat bagi yang membutuhkan!"
"Clothes","Kreatif dengan kain bekas? Kamu bisa ubah jadi kain lap atau kerajinan unik buatanmu sendiri."
"Clothes","Punya pakaian yang sudah rusak? Jangan dibuang sembarangan, pilah dan kirimkan untuk didaur ulang jadi tekstil baru."
"Clothes","Ingat, pakaian bekas bukan untuk tempat sampah biasa! Cari cara agar limbah tekstilmu tidak mencemari lingkungan."
"Clothes","Baju bolong atau jahitan lepas? Coba perbaiki dulu, siapa tahu bisa dipakai lagi dan tetap kece!"
"Clothes","Lemari penuh? Manfaatkan aplikasi barter atau jual pakaian bekasmu, dapat cuan sambil decluttering!"
"Clothes","Tahu nggak? Banyak bank pakaian lokal siap menerima pakaian bekas untuk didaur ulang. Yuk, cari yang terdekat!"
"Clothes","Punya baju lama? Jadikan isian bantal DIY untuk mempercantik rumahmu, mudah dan seru!"
"Clothes","Mulai perubahan dari diri sendiri. Ajak teman-teman belajar soal fast fasion agar lebih bijak dalam membeli pakaian."
"Clothes","Suka belanja pakaian? Yuk, bijak memilih! Beli secukupnya dan kurangi limbah tekstil dari sekarang."
"Glasses","Punya botol kaca kosong di rumah? Jangan langsung dibuang! Sulap jadi dekorasi rumah yang cantik dan estetik."
"Glasses","Hati-hati ya, jangan pecahkan kaca sebelum dibuang karena bisa berbahaya untukmu dan orang lain!"
"Glasses","Yuk, bantu daur ulang kaca dengan memisahkan antara yang bening dan berwarna agar lebih mudah diolah."
"Glasses","Punya botol kaca unik? Donasikan ke pengrajin lokal, siapa tahu jadi karya seni yang keren."
"Glasses","Botol kaca bekas ternyata bisa jadi wadah penyimpanan minuman lho. Hemat sekaligus ramah lingkungan!"
"Glasses","Ada tempat daur ulang kaca di dekatmu? Yuk, bawa botol bekasmu ke sana dan dukung daur ulang!"
"Glasses","Jangan buang kaca di tempat sampah biasa ya. Selain dapat membahayakan diri sendiri dan orang lain, sayang kalau tidak didaur ulang."
"Glasses","Ayo ajak anak-anak belajar soal bahaya pecahan kaca. Edukasi kecil ini bisa bikin mereka lebih peduli terhadap lingkungan!"
"Glasses","Sebelum didaur ulang, pastikan botol kacamu bersih dulu ya biar prosesnya lebih efektif."
"Glasses","Jadikan botol kaca bekas jadi pot tanaman mini. Rumah makin hijau, limbah berkurang, keren bukan?"
"Metal","Hai, punya kaleng bekas? Yuk, gunakan tempat daur ulang untuk minuman atau makanan kaleng!"
"Metal","Eits, hati-hati! Jangan buang kaleng berkarat di tempat sampah biasa. Berbahaya banget, loh!"
"Metal","Kaleng bekasmu mau didaur ulang? Pastikan bersih dulu, ya, biar prosesnya lancar."
"Metal","Tips nih! Lepaskan tutup kaleng sebelum dibuang supaya lebih mudah diolah."
"Metal","Jangan buang sia-sia! Gunakan kembali kaleng untuk proyek kerajinan atau jadi pot bunga unik."
"Metal","Tahukah kamu? Kaleng bekas bisa dijual ke pengepul barang bekas. Jadi lebih bermanfaat!"
"Metal","Pisahkan, yuk! Jangan campur logam dengan limbah kaca supaya nggak mengganggu proses daur ulang."
"Metal","Ups, jangan pernah membakar limbah logam! Ini mencemari udara dan berbahaya bagi kesehatan."
"Metal","Ayo ajak teman-teman! Edukasi komunitasmu tentang pentingnya daur ulang logam."
"Metal","Kaleng bekas yang masih bagus? Gunakan saja sebagai wadah penyimpanan yang praktis."
"Paper","Hai, jangan buru-buru buang kertas, ya! Gunakan kedua sisinya dulu supaya lebih hemat."
"Paper","Yuk, hemat ruang! Lipat atau potong kertas jadi kecil sebelum dibuang. Praktis banget, kan?"
"Paper","Psst... tahu nggak? Kertas berminyak lebih baik dikomposkan kalau bisa, jangan langsung dibuang!"
"Paper","Jadi kreatif, yuk! Gunakan kertas bekas untuk kerajinan tangan atau sebagai catatan."
"Paper","Eits, jangan campur kertas dengan plastik saat membuang, ya. Pisahkan supaya lebih mudah didaur ulang!"
"Paper","Koran bekas jangan dibuang, loh! Bisa banget dijadikan pembungkus barang yang ramah lingkungan."
"Paper","Coba cek di daerahmu, ada nggak program daur ulang kertas? Kalau ada, yuk ikutan!"
"Paper","Kertas yang nggak bisa didaur ulang? Komposkan saja. Lingkungan juga ikut senang, nih!"
"Paper","Hati-hati, ya! Pastikan dokumen penting dihancurkan dulu sebelum dibuang."
"Paper","Punya kertas bekas? Gunakan sebagai bahan pengisi kemasan. Ramah lingkungan dan tetap bermanfaat!"
"Plastic","Hai, kalau pilih plastik, cari yang punya tanda daur ulang 1 atau 2, ya. Lebih mudah didaur ulang, loh!"
"Plastic","Yuk, mulai kebiasaan baru! Hindari plastik sekali pakai dan pakai wadah isi ulang yang lebih ramah lingkungan."
"Plastic","Eits, jangan lupa! Cuci bersih botol plastik sebelum dibuang supaya bisa didaur ulang dengan baik."
"Plastic","Ups, jangan campur plastik dengan limbah organik, ya. Pilah sesuai kategorinya!"
"Plastic","Kreatif, deh! Gunakan kembali botol plastik sebagai tempat penyimpanan untuk barang-barang kecil."
"Plastic","Ajak keluarga juga, yuk! Edukasi mereka cara memilah plastik berdasarkan jenisnya. Seru kalau dilakukan bareng-bareng."
"Plastic","Tahukah kamu? Ada tempat khusus yang menerima plastik seperti bubble wrap. Yuk, cari tahu dan kirim ke sana!"
"Plastic","Punya plastik keras? Gunting jadi kecil dulu sebelum dibuang agar lebih aman."
"Plastic","Bijak belanja, yuk! Hindari produk yang berlebihan dalam kemasan plastik. Pilih yang lebih ramah lingkungan."
"Plastic","Plastik bekas juga bisa bermanfaat, loh! Donasikan untuk proyek daur ulang lokal di komunitasmu."
"Shoes","Hai, punya sepatu layak pakai? Donasikan ke organisasi amal, yuk!"
"Shoes","Kreatif, dong! Gunakan kembali sepatu tua kamu untuk proyek seni seru."
"Shoes","Ups, jangan buang sepatu bareng sampah organik, ya. Yuk, pilah dengan bijak!"
"Shoes","Cari tahu, deh! Ada banyak program pengumpulan sepatu di toko atau komunitas lokal."
"Shoes","Seru banget, loh! Sol sepatu bisa didaur ulang jadi bahan playground. Kamu bisa cek program daur ulang di sekitar."
"Shoes","Jangan buang sia-sia! Potong bagian sepatu yang masih bagus untuk dijadikan material lain. Kreatif banget, kan?"
"Shoes","Punya sepatu bekas? Yuk, ubah jadi pot tanaman unik untuk hiasan rumahmu!"
"Shoes","Eits, jangan buang sepatu ke tempat sampah biasa. Ada banyak cara untuk mendaur ulangnya. Yuk, cari alternatif!"
"Shoes","Tahu nggak? Sepatu olahraga bekas kamu bisa bikin anak-anak lebih semangat berolahraga. Sumbangkan, yuk!"
"Shoes","Biar makin bermanfaat, cuci dulu sepatumu sebelum didonasikan. Jadi, makin bernilai buat yang membutuhkan!"
"Trash","Harap gunakan kantong sampah khusus untuk limbah berbahaya."
"Trash","Sampah berbahaya jangan dibuang tanpa dikemas dengan aman ya!"
"Trash","Hai, kamu bisa pisahkan limbah berbahaya untuk penanganan khusus."
"Trash","Yuk, kita edukasi anak-anak tentang pentingnya memilah sampah."
"Trash","Gunakan tempat sampah yang ada penutupnya untuk mencegah bau menyebar ya!"
"Trash","Kamu bisa komposkan limbah organik untuk mengurangi limbah di kategori ini."
"Trash","Jangan lupa untuk memisahkan sampah ini dengan plastik terpisah ya!"
"Trash","Jangan campur sampah seperti ini dengan limbah biasa ya!"
"Trash","Sampah seperti ini tidak boleh digabungkan dengan sampah lain ya!"
"Trash","Hai, kamu bisa memisahkan sampah ini ke tempat sampah daur ulang."